Instrument,Date,Price,PE,Y1_PE,Y2_PE,Forward_PE
.DJI,2006-06-02,11247.87353,16.98977,15.06941,13.31541,14.334171643835617
.DJI,2006-06-09,10891.91753,16.42546,14.58717,12.89021,13.84329712328767
.DJI,2006-06-16,11014.54505,16.61082,14.74824,13.02811,13.961221616438355
.DJI,2006-06-23,10989.09103,16.55486,14.70391,12.9883,13.886057561643835
.DJI,2006-06-30,11150.21976,16.77209,14.74182,13.08235,13.918904739726027
.DJI,2006-07-07,11090.66696,16.68007,14.77035,13.06833,13.893693123287672
.DJI,2006-07-14,10739.35352,16.09762,14.3166,12.61761,13.408920410958904
.DJI,2006-07-21,10868.38457,15.94839,14.39738,12.78688,13.506089589041096
.DJI,2006-07-28,11219.69801,16.28616,14.46112,13.00168,13.625440657534247
.DJI,2006-08-04,11240.34939,16.4001,14.39478,13.068,13.609617041095891
.DJI,2006-08-11,11088.02551,16.25246,14.16033,12.88922,13.38373402739726
.DJI,2006-08-18,11381.46709,16.57751,14.55747,13.21158,13.709374931506849
.DJI,2006-08-25,11284.05345,16.44312,14.43371,13.05982,13.541622520547946
.DJI,2006-09-01,11464.15262,16.69994,14.82639,13.26122,13.780084575342466
.DJI,2006-09-08,11392.11295,16.57272,14.7317,13.17284,13.659716821917808
.DJI,2006-09-15,11560.76582,16.82716,14.92816,13.37362,13.829334465753426
.DJI,2006-09-22,11508.09682,16.76117,14.85835,13.31567,13.738322054794521
.DJI,2006-09-29,11679.07096,16.98416,15.09002,13.51536,13.916574739726027
.DJI,2006-10-06,11850.2052,17.26516,15.33201,13.73633,14.112298438356165
.DJI,2006-10-13,11960.50593,17.33393,15.52281,13.86278,14.222074164383562
.DJI,2006-10-20,12002.36898,17.05596,15.512,13.9018,14.219428493150685
.DJI,2006-10-27,12090.25738,17.03218,15.49511,14.06452,14.319282602739726
.DJI,2006-11-03,11986.03999,16.87853,15.35249,13.9479,14.171095123287671
.DJI,2006-11-10,12108.42738,16.8362,15.45067,14.10628,14.294126273972603
.DJI,2006-11-17,12342.55631,17.05842,15.69426,14.38581,14.543540958904108
.DJI,2006-11-24,12280.16894,17.00226,15.67268,14.29892,14.4381778630137
.DJI,2006-12-01,12194.12836,16.90001,15.5615,14.19487,14.307195753424658
.DJI,2006-12-08,12307.48722,17.06149,15.68794,14.32516,14.411033808219177
.DJI,2006-12-15,12445.52065,17.26022,15.86505,14.48729,14.54768495890411
.DJI,2006-12-22,12343.21729,17.1138,15.72413,14.36843,14.401858219178083
.DJI,2006-12-29,12463.14535,17.2686,15.93485,14.50803,14.515848191780822
.DJI,2007-01-05,12398.01408,17.18197,14.42649,,14.42649
.DJI,2007-01-12,12556.07558,17.3819,14.6145,,14.6145
.DJI,2007-01-19,12565.52883,17.27287,14.61755,,14.61755
.DJI,2007-01-26,12487.01881,16.96986,14.53366,,14.53366
.DJI,2007-02-02,12653.4921,17.03922,14.78993,13.77563,14.698226164383561
.DJI,2007-02-09,12580.83027,16.82814,14.69113,13.65538,14.57762315068493
.DJI,2007-02-16,12767.57196,17.09517,14.90502,13.96494,14.783968602739726
.DJI,2007-02-23,12647.48368,16.93116,14.75366,13.80651,14.613533698630135
.DJI,2007-03-02,12114.09621,16.03897,14.13105,13.01976,13.945327561643836
.DJI,2007-03-09,12276.32355,16.2542,14.29635,13.21618,14.095112849315068
.DJI,2007-03-16,12110.41105,16.04969,14.15314,12.84264,13.883859178082192
.DJI,2007-03-23,12481.01039,16.51997,14.58981,13.24632,14.28798484931507
.DJI,2007-03-30,12354.3529,16.36343,14.44127,13.11048,14.116776
.DJI,2007-04-06,12560.1976,16.38681,14.65722,13.3067,14.302014739726026
.DJI,2007-04-13,12612.12712,16.43436,14.65138,13.31451,14.274126273972602
.DJI,2007-04-20,12961.9809,16.76112,14.96698,13.61848,14.560582739726026
.DJI,2007-04-27,13120.93885,16.68764,15.15053,13.79035,14.71452709589041
.DJI,2007-05-04,13264.61864,16.84745,15.31643,13.94387,14.850135643835618
.DJI,2007-05-11,13326.21891,16.8623,15.38756,14.01051,14.893331095890414
.DJI,2007-05-18,13556.52915,17.17058,15.65562,14.25553,15.12627090410959
.DJI,2007-05-25,13507.28144,17.11708,15.59874,14.204,15.04466520547945
.DJI,2007-06-01,13668.10854,17.32459,15.72517,14.2284,15.101857561643836
.DJI,2007-06-08,13424.38926,17.00472,15.44923,13.95773,14.799508082191782
.DJI,2007-06-15,13639.48425,17.23739,15.68955,14.17619,15.001282164383563
.DJI,2007-06-22,13360.25647,16.86159,15.35625,13.87494,14.654149643835616
.DJI,2007-06-29,13408.62344,16.89944,15.40933,13.92377,14.676725068493152
.DJI,2007-07-06,13611.6834,17.17511,15.66317,14.13781,14.88168419178082
.DJI,2007-07-13,13907.25027,17.5507,16.00871,14.45655,15.183726328767124
.DJI,2007-07-20,13851.07956,17.4857,15.83475,14.33812,15.010578410958903
.DJI,2007-07-27,13265.47348,16.63158,15.13866,13.61019,14.267641479452054
.DJI,2007-08-03,13181.90837,16.31398,14.95773,13.54043,14.12288205479452
.DJI,2007-08-10,13239.54228,16.31637,14.98018,13.57946,14.128235232876712
.DJI,2007-08-17,13079.07776,16.10571,14.82201,13.42686,13.946696712328766
.DJI,2007-08-24,13378.87166,16.47487,15.13805,13.7442,14.236820958904108
.DJI,2007-08-31,13357.73651,16.44885,15.11552,13.73381,14.195641835616438
.DJI,2007-09-07,13113.38173,16.14795,14.88031,13.47599,13.918446986301369
.DJI,2007-09-14,13442.52096,16.55325,15.24677,13.8243,14.24519523287671
.DJI,2007-09-21,13820.18973,17.01832,15.67802,14.20418,14.612009698630136
.DJI,2007-09-28,13895.62594,17.11121,15.75766,14.29142,14.669027013698631
.DJI,2007-10-05,14066.00772,17.27433,16.06043,14.46538,14.84557
.DJI,2007-10-12,14093.07697,17.30067,16.10567,14.52396,14.870636164383562
.DJI,2007-10-19,13522.02162,16.55339,15.42167,13.9113,14.213374000000002
.DJI,2007-10-26,13806.69576,16.72875,15.68056,14.21159,14.47721197260274
.DJI,2007-11-02,13595.10044,16.49186,15.4924,13.97371,14.219196876712328
.DJI,2007-11-09,13042.74157,16.04661,15.24986,13.57289,13.811800794520547
.DJI,2007-11-16,13176.78716,16.24525,15.43328,13.68441,13.900024109589042
.DJI,2007-11-23,12980.88063,15.98656,15.23735,13.4723,13.656058630136988
.DJI,2007-11-30,13371.71822,16.44903,15.68266,13.87267,14.02639517808219
.DJI,2007-12-07,13625.58383,16.77941,16.00857,14.1954,14.314622136986301
.DJI,2007-12-14,13339.85293,16.44281,15.69655,13.93548,14.017502438356164
.DJI,2007-12-21,13450.64986,16.58041,15.84946,14.07513,14.123741780821918
.DJI,2007-12-28,13365.86541,16.48783,15.78514,14.00666,14.021277643835615
.DJI,2008-01-04,12800.17514,15.79591,13.42185,,13.42185
.DJI,2008-01-11,12606.30084,15.48358,13.30445,,13.30445
.DJI,2008-01-18,12099.30123,15.2325,12.86502,,12.86502
.DJI,2008-01-25,12207.17176,15.22341,12.96318,,12.96318
.DJI,2008-02-01,12743.19154,15.96617,13.53347,12.35911,13.430793715846994
.DJI,2008-02-08,12182.13474,15.30839,13.03913,11.81453,12.908639836065573
.DJI,2008-02-15,12348.2082,15.4803,13.24012,12.16039,13.104416229508196
.DJI,2008-02-22,12381.01667,14.76793,12.82713,11.73477,12.668946721311475
.DJI,2008-02-29,12266.39044,15.15271,12.78559,11.3971,12.557968688524591
.DJI,2008-03-07,11893.69238,14.69857,12.45479,11.03534,12.19494532786885
.DJI,2008-03-14,11951.0869,14.79857,12.60547,11.11353,12.303820928961748
.DJI,2008-03-21,12361.31529,15.31042,13.08573,11.51408,12.73790581967213
.DJI,2008-03-28,12216.40429,15.13708,12.91029,11.36672,12.539158415300545
.DJI,2008-04-04,12609.41673,15.60889,13.27394,11.76233,12.881582213114754
.DJI,2008-04-11,12325.42416,15.33132,12.98558,11.46097,12.560688688524591
.DJI,2008-04-18,12849.36114,15.74972,13.5755,12.02296,13.113131530054645
.DJI,2008-04-25,12891.86232,15.71224,13.68833,12.05547,13.170811530054646
.DJI,2008-05-02,13058.20315,15.76768,13.82729,12.26576,13.302513524590163
.DJI,2008-05-09,12745.87646,15.36885,13.54574,11.91085,12.96504136612022
.DJI,2008-05-16,12986.79791,15.67385,14.06532,12.19074,13.363632950819671
.DJI,2008-05-23,12479.63343,15.13459,13.56891,11.74734,12.852226721311474
.DJI,2008-05-30,12638.32079,15.35366,13.66124,11.91247,12.939752923497267
.DJI,2008-06-06,12209.80791,14.85633,13.08169,11.33789,12.328902021857921
.DJI,2008-06-13,12307.34894,14.97149,13.17717,11.38122,12.367520409836066
.DJI,2008-06-20,11842.68564,14.43987,12.70267,10.97697,11.891685300546447
.DJI,2008-06-27,11346.51284,13.89341,12.03231,10.45755,11.26214049180328
.DJI,2008-07-04,11288.54188,9.41176,8.75,5.89474,7.2989662295081965
.DJI,2008-07-11,11100.54335,9.10504,8.8449,5.77867,7.228008224043716
.DJI,2008-07-18,11496.56969,11.55042,12.32735,7.85429,9.883054918032787
.DJI,2008-07-25,11370.69454,16.25275,12.12295,8.62391,10.143984754098362
.DJI,2008-08-01,11326.3207,18.31319,13.71605,10.00901,11.548545737704917
.DJI,2008-08-08,11734.31577,17.71978,13.32645,9.77273,11.180624535519126
.DJI,2008-08-15,11659.89799,13.90741,12.77353,11.05889,11.705393606557376
.DJI,2008-08-22,11628.06281,13.89491,12.78534,11.01951,11.651542049180328
.DJI,2008-08-29,11543.54897,13.76993,12.72166,10.99571,11.580458087431694
.DJI,2008-09-05,11220.96337,13.35461,12.15873,10.70094,11.166954836065573
.DJI,2008-09-12,11421.98907,13.694,12.48535,10.87982,11.362356338797815
.DJI,2008-09-19,11388.44408,13.7082,12.52243,11.12351,11.517195136612022
.DJI,2008-09-26,11143.12874,13.56459,12.45509,11.20052,11.529587540983606
.DJI,2008-10-03,10325.38454,12.57276,11.60875,10.53089,10.792992568306012
.DJI,2008-10-10,8451.191603,10.39017,9.7149,8.82013,9.020597595628416
.DJI,2008-10-17,8852.218394,10.92202,10.21558,9.4609,9.615547540983608
.DJI,2008-10-24,8378.951027,10.39069,9.80053,9.27718,9.374414426229508
.DJI,2008-10-31,9325.007874,11.17814,10.96068,10.39781,10.491621666666667
.DJI,2008-11-07,8943.813391,10.75164,10.52811,10.36757,10.391256229508196
.DJI,2008-11-14,8497.307693,10.23563,10.06743,9.9963,10.00543418032787
.DJI,2008-11-21,8046.421364,9.75577,9.59757,9.62473,9.62176169398907
.DJI,2008-11-28,8829.040877,10.64597,10.518,10.65302,10.64084606557377
.DJI,2008-12-05,8635.417018,10.42653,10.36721,10.51117,10.500943333333332
.DJI,2008-12-12,8629.682375,10.42099,10.42213,10.83013,10.808949672131149
.DJI,2008-12-19,8579.106007,10.36051,10.4075,11.00413,10.984568360655738
.DJI,2008-12-26,8515.547044,10.29382,10.35871,11.09484,11.084783579234973
.DJI,2009-01-02,9034.691557,10.92364,11.81763,,11.81763
.DJI,2009-01-09,8599.177259,10.39211,11.54237,,11.54237
.DJI,2009-01-16,8281.223147,10.41501,11.22098,,11.22098
.DJI,2009-01-23,8077.563663,10.01489,11.22729,,11.22729
.DJI,2009-01-30,8000.862809,10.48588,11.70816,9.92041,11.561221643835616
.DJI,2009-02-06,8280.585965,10.7484,12.36758,10.41704,12.16985402739726
.DJI,2009-02-13,7850.40807,10.20413,11.75708,9.96414,11.540944767123289
.DJI,2009-02-20,7365.671417,9.59562,11.11988,9.46934,10.889256602739726
.DJI,2009-02-27,7062.93004,9.24239,10.71467,9.16404,10.468268520547946
.DJI,2009-03-06,6626.937854,8.78569,10.09875,8.613,9.834164383561644
.DJI,2009-03-13,7223.977939,9.55777,11.09098,9.53431,10.783910849315069
.DJI,2009-03-20,7278.377402,9.61676,11.30268,9.74957,10.966527424657535
.DJI,2009-03-27,7776.176299,10.27403,12.07021,10.45736,11.690196027397258
.DJI,2009-04-03,8017.588852,10.60981,12.47399,10.82013,12.052595534246576
.DJI,2009-04-10,8083.377954,10.63343,12.71842,11.17802,12.296392602739726
.DJI,2009-04-17,8131.325944,10.75234,12.99973,11.28925,12.498301616438356
.DJI,2009-04-24,8076.289298,11.47189,13.01562,11.28724,12.47579720547945
.DJI,2009-05-01,8212.407428,11.82047,13.23831,11.55038,12.678749643835616
.DJI,2009-05-08,8574.645729,12.07322,13.86381,12.07863,13.237774273972603
.DJI,2009-05-15,8268.638791,11.65849,13.36676,11.60511,12.715190821917808
.DJI,2009-05-22,8277.320404,11.65443,13.38265,11.5755,12.679594383561646
.DJI,2009-05-29,8500.33431,11.97577,13.70168,11.89758,12.965211780821917
.DJI,2009-06-05,8763.132303,11.46335,9.94863,9.24314,9.647105506849314
.DJI,2009-06-12,8799.257099,11.37146,9.86888,9.15508,9.550114520547945
.DJI,2009-06-19,8539.733013,9.64443,8.25098,8.01524,8.141183287671232
.DJI,2009-06-26,8438.387119,11.82327,13.25032,11.60686,12.453354465753424
.DJI,2009-07-03,8280.737951,11.60985,13.02046,11.38101,12.193997534246575
.DJI,2009-07-10,8146.516991,11.42552,12.78153,11.0272,11.863510739726028
.DJI,2009-07-17,8743.936298,12.37297,13.48851,11.70551,12.521293561643837
.DJI,2009-07-24,9093.243324,13.48565,13.88777,12.11742,12.893463835616437
.DJI,2009-07-31,9171.614459,13.93853,14.02204,12.36027,13.056847561643835
.DJI,2009-08-07,9370.074054,14.7099,14.39496,12.59324,13.313928
.DJI,2009-08-14,9321.403841,14.66913,14.30288,12.51072,13.193213808219177
.DJI,2009-08-21,9505.957661,14.98409,14.60702,12.71895,13.401758876712329
.DJI,2009-08-28,9544.198543,15.0457,14.70964,12.75265,13.42285205479452
.DJI,2009-09-04,9441.265577,14.88566,14.82839,12.61757,13.33230084931507
.DJI,2009-09-11,9605.414183,15.13697,15.12172,12.81663,13.51762997260274
.DJI,2009-09-18,9820.197949,15.46606,15.45937,13.09544,13.768998136986301
.DJI,2009-09-25,9665.193901,15.23107,15.22046,12.86512,13.491059671232875
.DJI,2009-10-02,9487.668544,14.95155,14.90619,12.63594,13.195727671232877
.DJI,2009-10-09,9864.93827,15.53513,15.5136,13.15463,13.691053315068492
.DJI,2009-10-16,9995.90951,15.61704,15.71196,13.30903,13.80936610958904
.DJI,2009-10-23,9972.179003,15.31427,15.42675,13.02434,13.478494219178083
.DJI,2009-10-30,9712.730492,15.69857,14.94443,12.60086,12.9989458630137
.DJI,2009-11-06,10023.41876,16.1641,15.34136,12.95998,13.31881808219178
.DJI,2009-11-13,10270.47299,16.55573,15.77113,13.24536,13.57751605479452
.DJI,2009-11-20,10318.16073,16.624,15.73671,13.294,13.568386602739727
.DJI,2009-11-27,10309.92307,16.64474,15.84067,13.25728,13.497924547945205
.DJI,2009-12-04,10388.89881,16.74584,15.8608,13.34337,13.529590849315069
.DJI,2009-12-11,10471.50214,16.85961,15.98524,13.43662,13.576270410958905
.DJI,2009-12-18,10328.89237,16.63667,15.78702,13.22428,13.315555671232877
.DJI,2009-12-25,10520.09677,16.90766,16.06403,13.47562,13.51816920547945
.DJI,2010-01-01,10428.04659,16.79196,13.35927,,13.35927
.DJI,2010-01-08,10618.19295,16.99222,13.58798,,13.58798
.DJI,2010-01-15,10609.65299,16.67773,13.50333,,13.50333
.DJI,2010-01-22,10172.98142,15.69343,12.911,,12.911
.DJI,2010-01-29,10067.32776,15.7631,12.79704,10.95944,12.65103890410959
.DJI,2010-02-05,10012.23368,15.73551,12.73153,10.70863,12.53201109589041
.DJI,2010-02-12,10099.14478,15.83569,12.83584,10.91461,12.609503315068494
.DJI,2010-02-19,10402.35113,16.16893,13.19984,11.36346,12.94828109589041
.DJI,2010-02-26,10325.26477,15.67891,13.07539,11.25866,12.791681479452054
.DJI,2010-03-05,10566.19744,16.04583,13.39958,11.5199,13.069992273972604
.DJI,2010-03-12,10624.69239,16.1377,13.45491,11.61368,13.096752931506849
.DJI,2010-03-19,10741.98458,16.31241,13.62474,11.74623,13.223304986301368
.DJI,2010-03-26,10850.35893,16.46787,13.7524,11.84041,13.307142054794518
.DJI,2010-04-02,10927.06742,16.58027,13.86631,11.93135,13.37859405479452
.DJI,2010-04-09,10997.35205,16.68657,13.967,12.02001,13.438912301369863
.DJI,2010-04-16,11018.66416,16.60883,13.88699,11.96369,13.328442602739727
.DJI,2010-04-23,11204.27603,16.78815,14.00747,12.10982,13.419978356164384
.DJI,2010-04-30,11008.6127,15.8437,13.60387,11.73811,12.990469452054795
.DJI,2010-05-07,10380.43442,15.12729,12.76264,11.03264,12.160694794520548
.DJI,2010-05-14,10620.15789,15.42657,13.05677,11.28256,12.40541619178082
.DJI,2010-05-21,10193.38663,14.77035,12.52737,10.82115,11.868254876712328
.DJI,2010-05-28,10136.62991,14.68596,12.47857,10.7685,11.785171753424656
.DJI,2010-06-04,9931.973175,14.39657,12.23964,10.54789,11.521225616438358
.DJI,2010-06-11,10211.07115,14.80075,12.57948,10.86016,11.816384547945207
.DJI,2010-06-18,10450.64347,15.15541,12.86445,11.1309,12.061792602739725
.DJI,2010-06-25,10143.80952,14.70462,12.50779,10.83787,11.702568301369864
.DJI,2010-07-02,9686.482341,14.03923,11.93278,10.34192,11.135170739726027
.DJI,2010-07-09,10198.02596,14.77001,12.57712,10.90163,11.70494712328767
.DJI,2010-07-16,10097.89692,14.3426,12.35359,10.79665,11.51326895890411
.DJI,2010-07-23,10424.62185,14.36047,12.66237,11.18652,11.837511369863012
.DJI,2010-07-30,10465.94495,14.25714,12.6334,11.16977,11.787301561643837
.DJI,2010-08-06,10653.56392,14.52624,12.76486,11.41289,11.957382027397262
.DJI,2010-08-13,10303.15011,14.01138,12.32448,11.07157,11.552138219178081
.DJI,2010-08-20,10213.61673,13.87112,12.27728,10.9649,11.443109698630137
.DJI,2010-08-27,10150.6482,13.78911,12.20644,10.91915,11.363529561643837
.DJI,2010-09-03,10447.93232,14.18515,12.57398,11.25663,11.686122191780822
.DJI,2010-09-10,10462.76625,14.2021,12.5989,11.27718,11.682748876712328
.DJI,2010-09-17,10607.85119,14.40398,12.77714,11.45974,11.83871808219178
.DJI,2010-09-24,10860.2551,14.74017,13.11515,11.74258,12.111105643835616
.DJI,2010-10-01,10829.67903,14.70074,13.06548,11.69035,12.033190630136987
.DJI,2010-10-08,11006.47529,14.93944,13.26827,11.85891,12.183255863013699
.DJI,2010-10-15,11062.78369,14.9543,13.31794,11.90027,12.199340109589043
.DJI,2010-10-22,11132.56372,14.05294,13.2417,11.90044,12.157667945205478
.DJI,2010-10-29,11118.48662,14.04149,13.17467,11.85888,12.08598895890411
.DJI,2010-11-05,11444.0763,14.50523,13.583,12.21049,12.42106687671233
.DJI,2010-11-12,11192.5806,14.18881,13.21242,11.9601,12.128219671232877
.DJI,2010-11-19,11203.55468,14.18011,13.22184,11.96341,12.108215643835615
.DJI,2010-11-26,11091.99745,13.9468,13.28719,11.80272,11.945066438356164
.DJI,2010-12-03,11382.09166,14.30078,13.64345,12.12019,12.237042821917807
.DJI,2010-12-10,11410.32154,14.32749,13.67049,12.15049,12.237942054794521
.DJI,2010-12-17,11491.90817,14.43103,13.69933,12.20025,12.25774895890411
.DJI,2010-12-24,11573.4948,14.52306,13.7941,12.26715,12.29643397260274
.DJI,2010-12-31,11577.50602,14.52499,13.79888,12.27042,12.27042
.DJI,2011-01-07,11674.75909,14.63057,12.36697,,12.36697
.DJI,2011-01-14,11787.37589,14.81184,12.42649,,12.42649
.DJI,2011-01-21,11871.83848,14.83235,12.43098,,12.43098
.DJI,2011-01-28,11823.70389,14.37327,12.34895,11.05608,12.24977093150685
.DJI,2011-02-04,12092.15266,14.93044,12.64282,11.11234,12.496061643835617
.DJI,2011-02-11,12273.26287,14.89676,12.82332,11.41687,12.661481917808219
.DJI,2011-02-18,12391.25318,15.05428,12.92717,11.52204,12.738536109589042
.DJI,2011-02-25,12130.44842,14.66201,12.64028,11.3275,12.438867178082193
.DJI,2011-03-04,12169.87944,14.76623,12.68946,11.36874,12.461500109589041
.DJI,2011-03-11,12044.39648,14.61022,12.53521,11.25243,12.289197397260272
.DJI,2011-03-18,11858.51822,14.38584,12.26159,11.03491,12.002810931506849
.DJI,2011-03-25,12220.58727,14.83553,12.65258,11.38321,12.360451013698631
.DJI,2011-04-01,12376.72198,15.02638,12.7886,11.52732,12.474143890410959
.DJI,2011-04-08,12380.05204,15.02943,12.76076,11.47954,12.416761205479451
.DJI,2011-04-15,12341.83196,14.85163,12.58944,11.38251,12.242240958904109
.DJI,2011-04-22,12505.98911,14.75054,12.67107,11.42246,12.287934876712328
.DJI,2011-04-29,12810.53882,14.80237,12.89774,11.68113,12.50109180821918
.DJI,2011-05-06,12638.73767,14.34321,12.65422,11.45508,12.240270301369865
.DJI,2011-05-13,12595.74953,14.30339,12.61548,11.41255,12.177152082191782
.DJI,2011-05-20,12512.04377,14.17245,12.50295,11.35701,12.063411369863015
.DJI,2011-05-27,12441.58259,14.09113,12.42377,11.26909,11.958734493150684
.DJI,2011-06-03,12151.26134,13.7635,12.13432,10.99996,11.655713315068493
.DJI,2011-06-10,11951.91145,13.54025,11.94436,10.83099,11.45325706849315
.DJI,2011-06-17,12004.36,13.60111,12.15863,10.91206,11.584866273972603
.DJI,2011-06-24,11934.57997,13.52289,12.11993,10.85645,11.51415191780822
.DJI,2011-07-01,12582.76984,14.25736,12.7791,11.45,12.116370684931507
.DJI,2011-07-08,12657.2044,14.34563,12.86805,11.52679,12.173534547945206
.DJI,2011-07-15,12479.72699,14.10771,12.6802,11.36721,11.975142356164383
.DJI,2011-07-22,12681.15817,14.28592,12.88656,11.45532,12.090555287671233
.DJI,2011-07-29,12143.23891,13.40649,12.29891,10.95381,11.525016849315069
.DJI,2011-08-05,11444.60609,12.62648,11.46434,10.31066,10.778453534246577
.DJI,2011-08-12,11269.02076,12.39329,11.35056,10.16476,10.62283616438356
.DJI,2011-08-19,10817.64538,11.85134,10.96552,9.79002,10.221573424657535
.DJI,2011-08-26,11284.53585,12.35877,11.44904,10.25405,10.66984104109589
.DJI,2011-09-02,11240.2611,12.31428,11.40533,10.22392,10.612328767123287
.DJI,2011-09-09,10992.1333,12.04336,11.16157,10.01875,10.372554547945207
.DJI,2011-09-16,11509.08829,12.61041,11.72692,10.55174,10.893025150684931
.DJI,2011-09-23,10771.47855,11.80602,10.99729,9.90484,10.201148356164383
.DJI,2011-09-30,10913.3848,11.96383,11.16706,10.05332,10.334043506849316
.DJI,2011-10-07,11103.1229,12.17455,11.39914,10.25069,10.518137260273972
.DJI,2011-10-14,11644.48576,12.75739,12.00653,10.87627,11.11780501369863
.DJI,2011-10-21,11808.79427,13.14047,12.18433,11.09042,11.30320797260274
.DJI,2011-10-28,12231.10725,13.19074,12.57581,11.50814,11.695347890410957
.DJI,2011-11-04,11983.24435,12.90172,12.31593,11.26747,11.43120210958904
.DJI,2011-11-11,12153.68321,13.07421,12.44952,11.41991,11.560952465753424
.DJI,2011-11-18,11796.15516,12.68031,12.08776,11.08754,11.2053741369863
.DJI,2011-11-25,11231.78456,12.17435,11.7983,10.57386,10.694626684931507
.DJI,2011-12-02,12019.42098,13.0272,12.61922,11.32074,11.423906904109591
.DJI,2011-12-09,12184.25927,13.20584,12.78835,11.47968,11.558558739726028
.DJI,2011-12-16,11866.38929,12.86437,12.3782,11.21832,11.265986301369864
.DJI,2011-12-23,12294.0001,13.32619,12.82729,11.65552,11.681202630136987
.DJI,2011-12-30,12217.55994,13.24338,12.75299,11.58852,11.591710328767125
.DJI,2012-01-06,12359.92028,13.39312,11.74773,,11.74773
.DJI,2012-01-13,12422.05629,13.52782,11.81259,,11.81259
.DJI,2012-01-20,12720.47566,13.77393,12.1149,,12.1149
.DJI,2012-01-27,12660.45878,14.01432,12.10917,10.73051,12.007465573770492
.DJI,2012-02-03,12862.23054,14.15235,12.32624,10.7968,12.184160874316941
.DJI,2012-02-10,12801.22978,14.25966,12.25831,10.87806,12.103691830601091
.DJI,2012-02-17,12949.87184,14.4266,12.4017,11.00597,12.218653442622951
.DJI,2012-02-24,12982.94545,14.46185,12.42231,11.18071,12.235730765027322
.DJI,2012-03-02,12977.57193,14.45457,12.41836,11.15797,12.204851311475409
.DJI,2012-03-09,12922.02037,14.39308,12.3816,11.13791,12.147133852459017
.DJI,2012-03-16,13232.62476,14.72586,12.69725,11.41372,12.430724644808743
.DJI,2012-03-23,13080.72831,14.55545,12.54974,11.27194,12.25996568306011
.DJI,2012-03-30,13212.03889,14.70477,12.68035,11.39111,12.363323770491803
.DJI,2012-04-06,13060.14245,14.53766,12.50203,11.26323,12.173714153005465
.DJI,2012-04-13,12849.59142,14.3265,12.24768,11.0608,11.910424480874319
.DJI,2012-04-20,13029.26365,14.41538,12.34342,11.1687,11.987152459016395
.DJI,2012-04-27,13228.31081,14.4646,12.48299,11.33696,12.113504918032787
.DJI,2012-05-04,13038.26996,14.26512,12.2886,11.1824,11.910799453551913
.DJI,2012-05-11,12820.60471,14.00179,12.10389,10.98761,11.701297213114755
.DJI,2012-05-18,12369.3807,13.47884,11.68476,10.60781,11.275754398907104
.DJI,2012-05-25,12454.82717,13.60632,11.77614,10.68906,11.342496065573771
.DJI,2012-06-01,12118.56614,13.23844,11.46395,10.39704,11.017946639344263
.DJI,2012-06-08,12554.19939,13.71195,11.914,10.85035,11.449016393442623
.DJI,2012-06-15,12767.17228,13.9428,12.12307,11.03969,11.62874087431694
.DJI,2012-06-22,12640.78112,13.80379,12.02997,10.95544,11.519127868852458
.DJI,2012-06-29,12880.09181,14.06437,12.29447,11.17703,11.741856229508198
.DJI,2012-07-06,12772.47011,13.95061,12.18324,11.06934,11.611072786885245
.DJI,2012-07-13,12777.08679,13.99465,12.29862,11.19418,11.710188852459016
.DJI,2012-07-20,12822.57247,13.84524,12.39066,11.26643,11.770183333333332
.DJI,2012-07-27,13075.65753,13.87256,12.6393,11.56817,12.027643797814209
.DJI,2012-08-03,13096.16771,13.88279,12.58839,11.63081,12.023260819672132
.DJI,2012-08-10,13207.95199,13.86907,12.58632,11.62973,12.003479644808744
.DJI,2012-08-17,13275.20105,13.91091,12.7637,11.65557,12.067334153005465
.DJI,2012-08-24,13157.97013,13.9368,12.64483,11.5626,11.944041721311475
.DJI,2012-08-31,13090.83723,13.87075,12.57226,11.50612,11.8615
.DJI,2012-09-07,13306.63813,14.09724,12.78325,11.70652,12.044836803278688
.DJI,2012-09-14,13593.36606,14.39789,13.06933,11.97492,12.297860655737706
.DJI,2012-09-21,13579.46715,14.16649,12.92739,11.82973,12.13263617486339
.DJI,2012-09-28,13437.12686,14.02079,12.7961,11.75397,12.021620874316941
.DJI,2012-10-05,13610.14697,14.22196,12.97906,11.96032,12.20247950819672
.DJI,2012-10-12,13328.84531,13.82125,12.73404,11.72525,11.945750546448089
.DJI,2012-10-19,13343.51323,13.69138,12.65004,11.74781,11.927762978142075
.DJI,2012-10-26,13107.21369,13.42973,12.49639,11.68778,11.833594918032787
.DJI,2012-11-02,13093.16013,13.56633,12.47177,11.70962,11.832480245901639
.DJI,2012-11-09,12815.39106,13.26683,12.18414,11.51231,11.607761256830601
.DJI,2012-11-16,12588.30697,13.01565,12.01182,11.31601,11.401560409836067
.DJI,2012-11-23,13009.6835,13.45893,12.7348,11.67222,11.782542513661202
.DJI,2012-11-30,13025.58015,13.47067,12.78552,11.6826,11.776016721311475
.DJI,2012-12-07,13155.13404,13.59808,12.938,11.80063,11.875211639344261
.DJI,2012-12-14,13135.01364,13.56848,12.91102,11.78739,11.839580464480873
.DJI,2012-12-21,13190.84392,13.63162,12.97004,11.83667,11.867636393442623
.DJI,2012-12-28,12938.11016,13.37278,12.72481,11.61108,11.620208934426229
.DJI,2013-01-04,13435.20698,13.87558,12.05227,,12.05227
.DJI,2013-01-11,13488.42621,13.97996,12.1126,,12.1126
.DJI,2013-01-18,13649.69661,14.15798,12.2637,,12.2637
.DJI,2013-01-25,13895.97956,14.3692,12.45848,,12.45848
.DJI,2013-02-01,14009.79039,14.55203,12.47953,11.24543,12.371334931506851
.DJI,2013-02-08,13992.97219,14.53518,12.49997,11.19907,12.360969726027397
.DJI,2013-02-15,13981.76006,14.49642,12.49489,11.29984,12.34428095890411
.DJI,2013-02-22,14000.57494,14.47835,12.49815,11.34044,12.330044164383562
.DJI,2013-03-01,14089.65764,14.54343,12.55062,11.49946,12.377826575342466
.DJI,2013-03-08,14397.06974,14.8573,12.83053,11.75458,12.633026849315067
.DJI,2013-03-15,14514.10598,14.84444,12.9285,11.86515,12.712916712328765
.DJI,2013-03-22,14512.0325,14.83545,12.93262,11.86744,12.696237589041097
.DJI,2013-03-28,14578.53735,14.89792,12.98557,11.9216,12.73196619178082
.DJI,2013-04-05,14565.25174,14.89886,12.98082,11.91646,12.703794794520547
.DJI,2013-04-12,14865.0611,15.16456,13.25545,12.15641,12.948321013698632
.DJI,2013-04-19,14547.51199,14.8351,13.00239,11.91376,12.677292273972602
.DJI,2013-04-26,14712.54537,15.04663,13.21886,12.17051,12.885685753424656
.DJI,2013-05-03,14973.95702,15.2986,13.47729,12.40234,13.115046575342465
.DJI,2013-05-10,15118.48602,15.42862,13.59593,12.51506,13.210962602739727
.DJI,2013-05-17,15354.40158,15.66045,13.80586,12.70917,13.394225671232876
.DJI,2013-05-24,15303.10223,15.58443,13.74831,12.65446,13.316763698630137
.DJI,2013-05-31,15115.56779,15.38943,13.5889,12.51867,13.146147315068493
.DJI,2013-06-07,15248.11671,15.52299,13.70782,12.62165,13.237642301369863
.DJI,2013-06-14,15070.18169,15.34011,13.54202,12.46994,13.05738109589041
.DJI,2013-06-21,14799.401,15.06563,13.29769,12.24811,12.803093397260273
.DJI,2013-06-28,14909.60245,15.17409,13.39525,12.33614,12.875850849315068
.DJI,2013-07-05,15135.84179,15.40115,13.59812,12.51875,13.048084876712329
.DJI,2013-07-12,15464.29584,15.70047,13.91769,12.7907,13.321774739726028
.DJI,2013-07-19,15543.74072,15.6241,13.98195,12.86371,13.369215753424658
.DJI,2013-07-26,15558.83102,15.5964,14.0068,12.90805,13.383673287671233
.DJI,2013-08-02,15658.3579,16.07569,14.0208,13.08708,13.473358684931508
.DJI,2013-08-09,15425.51415,15.83499,13.92956,12.89331,13.302131917808218
.DJI,2013-08-16,15081.47062,15.46613,13.63496,12.60924,12.994236273972604
.DJI,2013-08-23,15010.51164,15.3773,13.56954,12.5554,12.916600547945206
.DJI,2013-08-30,14810.30596,15.1703,13.3979,12.39176,12.730815397260272
.DJI,2013-09-06,14922.50408,15.28594,13.4993,12.48633,12.808260191780823
.DJI,2013-09-13,15376.05789,15.75875,13.89713,12.86224,13.171289342465755
.DJI,2013-09-20,15451.08703,15.76417,14.53252,13.40366,13.719122246575344
.DJI,2013-09-27,15258.23582,15.5447,14.36112,13.23174,13.525688219178083
.DJI,2013-10-04,15072.5772,15.35555,14.18296,13.08305,13.348233780821918
.DJI,2013-10-11,15237.1076,15.39347,14.37675,13.24267,13.494342547945205
.DJI,2013-10-18,15399.6472,15.76656,14.66069,13.40205,13.657226328767123
.DJI,2013-10-25,15570.27845,15.92858,14.84107,13.62401,13.847415534246576
.DJI,2013-11-01,15615.55321,16.1643,14.47957,13.75363,13.872962602739726
.DJI,2013-11-08,15761.78104,16.3061,14.55082,13.91723,14.009230739726029
.DJI,2013-11-15,15961.6964,16.50939,14.74078,14.11777,14.196286328767123
.DJI,2013-11-22,16064.76872,16.5811,14.83385,14.22692,14.29177005479452
.DJI,2013-11-29,16086.4107,16.60328,15.31254,14.24122,14.33514394520548
.DJI,2013-12-06,16020.20038,16.53598,15.23199,14.18321,14.255044246575345
.DJI,2013-12-13,15755.35909,16.23665,15.04932,13.95993,14.013653342465753
.DJI,2013-12-20,16221.14324,16.71666,15.49765,14.36888,14.402897726027398
.DJI,2013-12-27,16478.40662,16.97963,15.7529,14.59877,14.611418
.DJI,2014-01-03,16469.99386,16.97096,14.59359,,14.59359
.DJI,2014-01-10,16437.04925,16.93702,14.58723,,14.58723
.DJI,2014-01-17,16458.56279,16.97413,14.60327,,14.60327
.DJI,2014-01-24,15879.1101,15.83051,14.07331,,14.07331
.DJI,2014-01-31,15698.84592,15.42716,13.92654,12.4544,13.801508931506849
.DJI,2014-02-07,15794.08346,15.49804,14.04551,12.58776,13.893744246575341
.DJI,2014-02-14,16154.38705,15.88398,14.36265,12.88724,14.180750136986301
.DJI,2014-02-21,16103.30043,15.8703,14.35392,12.90158,14.147011287671234
.DJI,2014-02-28,16321.711,16.08214,14.54216,13.15009,14.317140465753425
.DJI,2014-03-07,16452.71881,16.21263,14.67379,13.2736,14.42060495890411
.DJI,2014-03-14,16065.66779,15.6192,14.34609,12.96963,14.070798
.DJI,2014-03-21,16302.76624,15.86879,14.58066,13.18881,14.27559698630137
.DJI,2014-03-28,16323.05961,15.88854,14.62644,13.2138,14.289728547945206
.DJI,2014-04-04,16412.71006,15.9758,14.71185,13.29814,14.347771260273973
.DJI,2014-04-11,16026.75077,15.63077,14.39468,12.99663,14.007822328767123
.DJI,2014-04-17,16408.53579,16.0264,14.75951,13.29689,14.33074194520548
.DJI,2014-04-25,16361.46288,16.0063,14.56428,13.23866,14.146618904109589
.DJI,2014-05-02,16512.8925,16.24061,14.66604,13.35644,14.228310684931508
.DJI,2014-05-09,16583.34131,16.28255,14.73282,13.40805,14.264613616438357
.DJI,2014-05-16,16491.31474,16.20008,14.66206,13.3317,14.166364219178082
.DJI,2014-05-23,16606.26768,16.29578,14.76294,13.41689,14.235583424657534
.DJI,2014-05-30,16717.17478,16.40467,14.86197,13.49935,14.301989178082192
.DJI,2014-06-06,16924.28272,16.60784,15.05032,13.68925,14.464873452054794
.DJI,2014-06-13,16775.74298,16.46207,14.91823,13.57891,14.316453342465755
.DJI,2014-06-20,16947.08065,16.63021,15.08093,13.73007,14.448061342465756
.DJI,2014-06-27,16851.8431,16.53149,14.93495,13.71702,14.341000575342466
.DJI,2014-07-03,17068.26287,16.74379,15.1478,13.89406,14.515777643835616
.DJI,2014-07-11,16943.80545,16.61782,15.03137,13.80164,14.384498328767124
.DJI,2014-07-18,17100.17997,16.57618,15.02739,13.84312,14.381719506849315
.DJI,2014-07-25,16960.56674,16.30647,14.85579,13.74601,14.229448410958904
.DJI,2014-08-01,16493.36977,15.73636,14.45178,13.38686,13.830333534246575
.DJI,2014-08-08,16553.92877,14.9073,14.49566,13.44326,13.861336712328768
.DJI,2014-08-15,16662.90929,15.85363,14.62058,13.53311,13.94426304109589
.DJI,2014-08-22,17001.2177,16.15352,14.98976,13.80593,14.230811452054795
.DJI,2014-08-29,17098.44604,16.24602,15.07652,13.89292,14.295019726027398
.DJI,2014-09-05,17137.36307,16.28383,15.12325,13.91633,14.303205726027397
.DJI,2014-09-12,16987.50683,16.1416,15.03236,13.81084,14.178969315068493
.DJI,2014-09-19,17279.73774,16.41927,15.29705,14.06204,14.410549671232877
.DJI,2014-09-26,17113.15231,16.23819,15.12043,13.92587,14.240055643835618
.DJI,2014-10-03,17009.69467,16.14003,15.03037,13.85277,14.139910821917809
.DJI,2014-10-10,16544.10318,15.69824,14.63591,13.49815,13.753756356164384
.DJI,2014-10-17,16380.40764,15.13601,14.4549,13.42752,13.638625479452054
.DJI,2014-10-24,16805.41239,15.50588,14.98201,14.04691,14.221120410958905
.DJI,2014-10-31,17390.5164,15.98981,15.03995,14.70041,14.75715504109589
.DJI,2014-11-07,17573.92734,16.22861,15.01701,14.87939,14.899750219178083
.DJI,2014-11-14,17634.74322,16.28562,15.09073,14.93555,14.95553208219178
.DJI,2014-11-21,17810.0625,16.4276,15.36908,15.11928,15.146655342465754
.DJI,2014-11-28,17828.23662,16.44436,15.98682,15.14027,15.216807397260272
.DJI,2014-12-05,17958.7949,16.56478,16.11179,15.28796,15.346643780821918
.DJI,2014-12-12,17280.82947,15.93944,15.51405,14.78011,14.818315095890412
.DJI,2014-12-19,17804.7965,16.42274,16.01963,15.41974,15.439462410958903
.DJI,2014-12-26,18053.71134,16.63752,16.23729,15.64009,15.648270821917809
.DJI,2015-01-02,17832.98886,16.43411,15.44895,,15.44895
.DJI,2015-01-09,17737.36601,16.34599,15.527,,15.527
.DJI,2015-01-16,17511.57019,16.16875,15.52815,,15.52815
.DJI,2015-01-23,17672.60062,16.54581,15.879,,15.879
.DJI,2015-01-30,17164.94535,16.36264,15.79574,13.60902,15.616009589041095
.DJI,2015-02-06,17824.28712,17.00358,16.42331,14.30547,16.20862484931507
.DJI,2015-02-13,18019.3539,16.9602,16.67103,14.61775,16.42351131506849
.DJI,2015-02-20,18140.4398,17.0556,16.80879,14.78701,16.526294712328767
.DJI,2015-02-27,18132.70134,17.01506,16.77716,14.90835,16.480198410958902
.DJI,2015-03-06,17856.78219,16.75634,16.55019,14.68731,16.21844424657534
.DJI,2015-03-13,17749.31084,16.65551,16.47267,14.64561,16.112263643835618
.DJI,2015-03-20,18127.65325,16.22174,16.38397,14.64858,16.008365041095892
.DJI,2015-03-27,17712.66286,15.85054,16.04169,14.32114,15.6363001369863
.DJI,2015-04-02,17763.24377,15.89584,16.07718,14.3673,15.646196547945204
.DJI,2015-04-10,18057.65407,16.1593,16.36418,14.65979,15.897223835616437
.DJI,2015-04-17,17826.3031,15.85174,15.97726,14.42985,15.523635698630137
.DJI,2015-04-24,18080.14189,16.07095,16.23242,14.70248,15.754575726027397
.DJI,2015-05-01,18024.05579,16.06083,16.10775,14.62285,15.615495479452054
.DJI,2015-05-08,18191.11295,16.18027,16.21411,14.81077,15.721979808219178
.DJI,2015-05-15,18272.55623,16.35916,16.26921,14.85327,15.745506164383563
.DJI,2015-05-22,18232.0181,16.30969,16.23058,14.82152,15.68239775342466
.DJI,2015-05-29,18010.67654,16.09295,16.03982,14.64508,15.470460383561644
.DJI,2015-06-05,17849.45821,15.9489,15.89293,14.5093,15.301570328767124
.DJI,2015-06-12,17898.838,15.99302,15.93989,14.54191,15.315586602739726
.DJI,2015-06-19,18015.94817,16.09766,16.04315,14.62758,15.383843424657535
.DJI,2015-06-26,17946.68301,15.8565,15.83565,14.69704,15.2835021369863
.DJI,2015-07-02,17730.11319,15.64617,15.62325,14.49511,15.057634602739727
.DJI,2015-07-10,17760.41171,15.6729,15.646,14.51928,15.056401315068495
.DJI,2015-07-17,18086.44651,15.97025,16.08645,14.78543,15.380691205479451
.DJI,2015-07-24,17568.53221,15.77982,15.83919,14.45801,15.063458767123288
.DJI,2015-07-31,17689.85992,16.0054,15.93195,14.6582,15.19212808219178
.DJI,2015-08-07,17373.37901,16.06401,15.74626,14.47973,14.986342
.DJI,2015-08-14,17477.40281,16.16071,15.96083,14.55678,15.09147301369863
.DJI,2015-08-21,16459.74665,15.21192,15.06949,13.7301,14.214482136986302
.DJI,2015-08-28,16643.0076,15.38128,15.23914,13.86946,14.338528493150687
.DJI,2015-09-04,16102.37777,14.8818,14.76522,13.47302,13.890772328767124
.DJI,2015-09-11,16433.0893,15.18737,15.09871,13.83724,14.22086512328767
.DJI,2015-09-18,16384.58494,15.14254,15.05536,13.8046,14.16098093150685
.DJI,2015-09-25,16314.66785,15.07792,15.02213,13.72464,14.069452410958906
.DJI,2015-10-02,16472.37382,15.20021,15.24204,13.94773,14.26687493150685
.DJI,2015-10-09,17084.49079,15.76505,15.92188,14.57099,14.878178684931507
.DJI,2015-10-16,17215.97368,16.06843,16.07993,14.79735,15.064407753424657
.DJI,2015-10-23,17646.70039,16.55514,16.4949,15.25279,15.487599835616438
.DJI,2015-10-30,17663.53662,16.54878,16.4877,15.18088,15.402860383561643
.DJI,2015-11-06,17910.33427,17.00344,16.391,15.46616,15.605519452054795
.DJI,2015-11-13,17245.23664,16.48503,15.74876,14.88495,14.99854693150685
.DJI,2015-11-20,17823.81479,17.02909,16.29293,15.39218,15.4933601369863
.DJI,2015-11-27,17798.49365,17.0049,16.65605,15.37674,15.495908602739725
.DJI,2015-12-04,17847.6327,17.05185,16.7043,15.43531,15.529180493150683
.DJI,2015-12-11,17265.21295,16.4954,16.11536,14.88374,14.95122602739726
.DJI,2015-12-18,17128.55226,16.36483,16.00112,14.88402,14.92380712328767
.DJI,2015-12-24,17552.16767,16.40219,16.08365,14.87439,14.897581287671231
.DJI,2015-12-31,17425.02867,16.27986,16.10566,14.96602,14.96602
.DJI,2016-01-08,16346.453,15.26827,14.12586,,14.12586
.DJI,2016-01-15,15988.08058,14.91641,13.88204,,13.88204
.DJI,2016-01-22,16093.51042,15.46675,14.27751,,14.27751
.DJI,2016-01-29,16466.29855,16.49239,14.74787,12.69866,14.585500901639346
.DJI,2016-02-05,16204.96677,16.34129,14.56443,12.74282,14.38525524590164
.DJI,2016-02-12,15973.83608,16.04419,14.3918,12.64882,14.187023661202186
.DJI,2016-02-19,16391.99431,16.72899,14.76787,13.03228,14.530767540983605
.DJI,2016-02-26,16639.97186,16.96787,15.00714,13.42076,14.76008081967213
.DJI,2016-03-04,17006.76771,17.34567,15.40617,13.73738,15.114359726775955
.DJI,2016-03-11,17213.31295,17.55612,15.61904,13.92091,15.289621338797813
.DJI,2016-03-18,17602.29735,17.94742,15.94737,14.22476,15.580256393442621
.DJI,2016-03-24,17515.73462,17.84608,15.9522,14.15626,15.540017049180328
.DJI,2016-04-01,17792.74904,18.12753,16.27696,14.43961,15.81511245901639
.DJI,2016-04-08,17576.95858,17.90768,16.22079,14.36488,15.718781557377051
.DJI,2016-04-15,17897.45981,18.24694,16.56001,14.63381,16.002148797814208
.DJI,2016-04-22,18003.74568,18.63791,16.69935,14.77725,16.10591475409836
.DJI,2016-04-29,17773.64224,18.69839,16.56787,14.61816,15.928620819672133
.DJI,2016-05-06,17740.63335,18.87806,16.49796,14.57564,15.830925464480874
.DJI,2016-05-13,17535.32081,18.64995,16.29484,14.41695,15.607306502732243
.DJI,2016-05-20,17500.94226,18.62071,16.23636,14.3771,15.520087704918033
.DJI,2016-05-27,17873.21676,19.04728,16.59679,14.67656,15.820303551912566
.DJI,2016-06-03,17807.06202,18.97678,16.52302,14.62785,15.720420683060109
.DJI,2016-06-10,17865.3412,19.03888,16.57746,14.67781,15.736631311475408
.DJI,2016-06-17,17675.16344,18.77591,16.40414,14.51889,15.533628387978144
.DJI,2016-06-24,17400.75138,18.4844,16.1468,14.28605,15.252013114754098
.DJI,2016-07-01,17949.37005,19.06705,16.6269,14.83259,15.729745
.DJI,2016-07-08,18146.73854,19.27671,16.87293,15.01836,15.910175081967212
.DJI,2016-07-15,18516.54765,19.66733,17.18561,15.36203,16.204065573770492
.DJI,2016-07-22,18570.8548,19.46349,17.18154,15.38191,16.178467540983604
.DJI,2016-07-29,18432.24487,19.14454,17.34252,15.25924,16.14150338797814
.DJI,2016-08-05,18543.53002,19.3777,17.43968,15.42044,16.236963278688524
.DJI,2016-08-12,18576.47042,19.31057,17.55458,15.45214,16.262096393442622
.DJI,2016-08-19,18552.5698,19.21661,17.54874,15.40146,16.18762262295082
.DJI,2016-08-26,18395.40093,19.0548,17.39455,15.27346,16.00946663934426
.DJI,2016-09-02,18491.96219,19.16162,17.48866,15.35461,16.054298524590163
.DJI,2016-09-09,18085.4461,18.71904,17.08756,15.02229,15.659928005464481
.DJI,2016-09-16,18123.79668,18.78809,17.12439,15.01859,15.628466502732241
.DJI,2016-09-23,18261.44785,18.92609,17.24887,15.13388,15.705967459016392
.DJI,2016-09-30,18308.15337,18.94071,17.29179,15.18018,15.710967213114754
.DJI,2016-10-07,18240.492,18.8727,17.22268,15.16126,15.640005081967214
.DJI,2016-10-14,18138.38359,18.7716,17.14012,15.06121,15.504256393442624
.DJI,2016-10-21,18145.71129,18.50019,16.93952,15.04369,15.411460300546448
.DJI,2016-10-28,18161.18849,18.40826,16.69791,15.11827,15.394491202185792
.DJI,2016-11-04,17888.28306,18.12898,16.44261,14.90325,15.142986393442621
.DJI,2016-11-11,18847.66377,19.10819,17.32318,15.69035,15.913414207650273
.DJI,2016-11-18,18867.93479,19.01446,17.40194,15.72771,15.924409153005463
.DJI,2016-11-25,19152.13994,19.30413,17.66067,15.95709,16.12465524590164
.DJI,2016-12-02,19170.42495,19.30895,17.68256,15.95222,16.089323442622952
.DJI,2016-12-09,19756.84632,19.90425,18.21925,16.41004,16.51879032786885
.DJI,2016-12-16,19843.40905,19.97879,18.29503,16.4655,16.540480737704918
.DJI,2016-12-23,19933.80683,20.06585,18.3758,16.53111,16.571431092896177
.DJI,2016-12-30,19762.59891,19.89138,18.21797,16.3934,16.398385163934424
.DJI,2017-01-06,19963.80246,20.10868,16.54658,,16.54658
.DJI,2017-01-13,19885.73164,20.03007,16.47093,,16.47093
.DJI,2017-01-20,19827.24702,19.27777,16.38292,,16.38292
.DJI,2017-01-27,20093.78351,18.63922,16.69323,14.9263,16.562525589041094
.DJI,2017-02-03,20071.458,18.65589,16.66518,14.87708,16.49861726027397
.DJI,2017-02-10,20269.37436,18.90792,16.841,15.08064,16.643260931506852
.DJI,2017-02-17,20624.04869,19.22318,17.13567,15.36781,16.903184301369862
.DJI,2017-02-24,20821.7596,19.41642,17.31728,15.63255,17.06341657534247
.DJI,2017-03-03,21005.70539,19.66556,17.47763,15.78718,17.190485068493153
.DJI,2017-03-10,20902.98063,19.60193,17.38195,15.68889,17.06189208219178
.DJI,2017-03-17,20914.62277,19.62965,17.36993,15.68306,17.018691315068494
.DJI,2017-03-24,20596.7239,19.29644,17.13057,15.44111,16.74639142465753
.DJI,2017-03-31,20663.22106,19.36325,17.15481,15.49105,16.74456780821918
.DJI,2017-04-07,20656.09881,19.32702,17.18135,15.49417,16.732976136986302
.DJI,2017-04-13,20453.25166,19.11598,17.00399,15.34256,16.53514810958904
.DJI,2017-04-21,20547.75844,19.36198,17.04914,15.37513,16.540057506849315
.DJI,2017-04-28,20940.50941,19.92216,17.23409,15.59267,16.70343915068493
.DJI,2017-05-05,21006.93808,19.61767,17.26968,15.63793,16.710861506849316
.DJI,2017-05-12,20896.6117,19.75918,17.16488,15.52824,16.57299923287671
.DJI,2017-05-19,20804.84425,19.61989,17.08808,15.50924,16.48682312328767
.DJI,2017-05-26,21080.28356,19.86712,17.33756,15.71423,16.688228000000002
.DJI,2017-06-02,21206.29259,19.98781,17.43651,15.79949,16.750307095890413
.DJI,2017-06-09,21271.96795,20.05246,17.51443,15.88023,16.798068356164386
.DJI,2017-06-16,21384.28034,20.15084,17.61585,16.00104,16.87701912328767
.DJI,2017-06-23,21394.75827,19.98392,17.63643,16.00469,16.858559424657535
.DJI,2017-06-30,21349.62786,19.90366,17.59575,16.02024,16.814469698630134
.DJI,2017-07-07,21414.34445,19.96972,17.66002,16.08543,16.84899830136986
.DJI,2017-07-14,21637.73655,20.13818,17.89679,16.26504,17.02503315068493
.DJI,2017-07-21,21580.07372,20.03402,17.81754,16.33573,16.99746980821918
.DJI,2017-07-28,21830.31122,20.01287,17.79318,16.50506,17.05559895890411
.DJI,2017-08-04,22092.80721,20.19319,18.06487,16.63203,17.21694276712329
.DJI,2017-08-11,21858.32084,19.98955,17.93677,16.41867,17.00927328767123
.DJI,2017-08-18,21674.51201,19.82662,17.81812,16.26953,16.842296164383562
.DJI,2017-08-25,21813.66981,19.95425,17.9257,16.38868,16.92768975342466
.DJI,2017-09-01,21987.55585,20.02179,17.99363,16.42648,16.94600095890411
.DJI,2017-09-08,21797.79308,19.84524,17.83809,16.28715,16.771553178082193
.DJI,2017-09-15,22268.34416,20.27364,18.385,16.68578,17.183907506849316
.DJI,2017-09-22,22349.59237,20.34761,18.44287,16.76708,17.226200547945204
.DJI,2017-09-29,22405.08903,20.39814,18.49307,16.79822,17.230058493150686
.DJI,2017-10-06,22773.66671,20.75452,18.81899,17.08147,17.490858273972602
.DJI,2017-10-13,22871.7154,20.82277,18.8907,17.15821,17.533187287671232
.DJI,2017-10-20,23328.6333,21.32543,19.10784,17.43017,17.761107643835615
.DJI,2017-10-27,23434.18712,21.15893,18.84246,17.38852,17.647440821917808
.DJI,2017-11-03,23539.1901,21.12387,18.8885,17.41008,17.64500701369863
.DJI,2017-11-10,23422.20645,21.01464,18.83176,17.29251,17.50758328767123
.DJI,2017-11-17,23358.2407,20.9925,19.10832,17.24082,17.465943287671234
.DJI,2017-11-24,23557.98736,21.1722,19.25256,17.38222,17.57181610958904
.DJI,2017-12-01,24231.5901,21.79477,19.79571,17.88476,18.041824383561643
.DJI,2017-12-08,24329.15681,21.88611,19.87868,17.96217,18.082936383561645
.DJI,2017-12-15,24651.73974,22.18749,20.12978,18.17861,18.264140739726027
.DJI,2017-12-22,24754.0574,22.27308,20.2187,18.17807,18.22838690410959
.DJI,2017-12-29,24719.21707,22.24625,20.19091,18.14003,18.151267698630136
.DJI,2018-01-05,25295.8728,22.75021,18.49732,,18.49732
.DJI,2018-01-12,25803.19213,23.31033,18.60544,,18.60544
.DJI,2018-01-19,26071.72435,26.26877,18.44348,,18.44348
.DJI,2018-01-26,26616.70705,27.81242,18.4508,,18.4508
.DJI,2018-02-02,25520.95788,25.88691,17.31908,15.4592,17.150926465753425
.DJI,2018-02-09,24190.89714,24.30488,16.34375,14.57784,16.150225616438355
.DJI,2018-02-16,25219.37554,22.32344,16.99973,15.23233,16.77214698630137
.DJI,2018-02-23,25309.98795,22.11118,17.02955,15.51473,16.805439643835616
.DJI,2018-03-02,24538.0611,21.24209,16.51097,15.0272,16.262997479452054
.DJI,2018-03-09,25335.7395,21.98778,17.04988,15.51609,16.764132821917812
.DJI,2018-03-16,24946.50549,21.56377,16.78518,15.26984,16.473808767123288
.DJI,2018-03-23,23533.19977,20.31747,15.8576,14.39737,15.529548328767124
.DJI,2018-03-29,24103.10776,20.82837,16.24597,14.73804,15.882414273972602
.DJI,2018-04-06,23932.76194,20.68079,16.1379,14.62576,15.740186465753421
.DJI,2018-04-13,24360.14129,21.04887,16.39001,14.83311,15.950665616438355
.DJI,2018-04-20,24462.94094,21.04197,16.3305,14.87081,15.890593424657535
.DJI,2018-04-27,24311.1858,20.30484,16.04333,14.60866,15.583449479452055
.DJI,2018-05-04,24262.50573,20.15496,15.94324,14.5208,15.460000109589041
.DJI,2018-05-11,24831.17435,20.57015,16.3155,14.84508,15.787760219178082
.DJI,2018-05-18,24715.0858,20.44967,16.22337,14.73249,15.659694821917807
.DJI,2018-05-25,24753.09344,20.48366,16.23348,14.7319,15.636961917808218
.DJI,2018-06-01,24635.21468,20.38875,16.14652,14.63459,15.516894356164382
.DJI,2018-06-08,25316.52912,20.91345,16.58565,15.04571,15.914826821917808
.DJI,2018-06-15,25090.48008,20.7296,16.41621,14.87596,15.715712739726028
.DJI,2018-06-22,24580.88855,20.30847,16.07658,14.55903,15.357302876712328
.DJI,2018-06-29,24271.40986,19.96735,15.65593,14.38174,15.027562328767123
.DJI,2018-07-06,24456.4849,20.11961,15.7821,14.48874,15.119474465753424
.DJI,2018-07-13,25019.40594,20.52857,16.12594,14.81625,15.429830794520548
.DJI,2018-07-20,25058.12287,20.16869,15.96293,14.88777,15.370855589041096
.DJI,2018-07-27,25451.05558,20.03631,16.27749,15.06166,15.584633452054796
.DJI,2018-08-03,25462.58251,19.77658,16.30612,14.99125,15.531607534246575
.DJI,2018-08-10,25313.13925,19.65224,16.26791,14.90543,15.439223534246576
.DJI,2018-08-17,25669.3214,19.93488,16.48339,15.10023,15.615599205479452
.DJI,2018-08-24,25790.35417,20.01201,16.5619,15.18256,15.670052767123288
.DJI,2018-08-31,25964.81765,20.14739,16.67178,15.27019,15.738666657534246
.DJI,2018-09-07,25916.54016,20.10739,16.6672,15.24592,15.693720547945205
.DJI,2018-09-14,26154.67298,20.297,16.8142,15.37185,15.798627534246574
.DJI,2018-09-21,26743.49571,20.75395,17.19574,15.7237,16.131031616438356
.DJI,2018-09-28,26458.30589,20.52183,17.01608,15.53347,15.915292849315069
.DJI,2018-10-05,26447.05018,20.5131,17.00014,15.5299,15.880340767123286
.DJI,2018-10-12,25339.99022,19.53141,16.30873,14.75155,15.092849726027397
.DJI,2018-10-19,25444.34284,19.19056,16.30332,14.76031,15.068912000000001
.DJI,2018-10-26,24688.31181,18.22163,15.57079,14.35018,14.570893041095891
.DJI,2018-11-02,25270.82863,18.39861,15.83811,14.68932,14.875014821917809
.DJI,2018-11-09,25989.29543,18.94292,16.30464,15.12219,15.290648630136985
.DJI,2018-11-16,25413.22013,18.392,15.90985,14.78383,14.922654383561644
.DJI,2018-11-23,24285.95414,17.58452,15.36599,14.12378,14.25310597260274
.DJI,2018-11-30,25538.45684,18.49292,16.24447,14.87962,14.995538767123287
.DJI,2018-12-07,24388.95065,17.66081,15.52088,14.20576,14.292233643835615
.DJI,2018-12-14,24100.50617,17.45194,15.35401,14.11206,14.169904246575342
.DJI,2018-12-21,22445.37457,16.23663,14.29197,13.20344,13.233262739726028
.DJI,2018-12-28,23062.40437,16.68298,14.68507,13.5711,13.58025591780822
.DJI,2019-01-04,23433.1647,16.95119,13.8763,,13.8763
.DJI,2019-01-11,23995.95013,17.3583,14.35356,,14.35356
.DJI,2019-01-18,24706.34807,17.5945,14.80853,,14.80853
.DJI,2019-01-25,24737.19956,17.74561,14.80748,,14.80748
.DJI,2019-02-01,25063.88633,17.75261,15.02774,13.28871,14.875277095890413
.DJI,2019-02-08,25106.33256,17.57437,15.06832,13.28923,14.878225452054796
.DJI,2019-02-15,25883.24767,17.90718,15.56363,13.77368,15.338047260273973
.DJI,2019-02-22,26031.80946,17.95926,15.66247,13.96803,15.416428027397263
.DJI,2019-03-01,26026.31722,17.94204,15.66104,14.10994,15.406064657534248
.DJI,2019-03-08,25450.24192,17.54774,15.32604,13.7852,15.04320087671233
.DJI,2019-03-15,25848.87029,17.82259,15.55443,13.98032,15.235295369863012
.DJI,2019-03-22,25502.31652,17.58797,15.35691,13.7992,15.011226410958905
.DJI,2019-03-29,25928.67734,17.87415,15.6793,14.05037,15.286571671232876
.DJI,2019-04-05,26424.98517,18.04373,15.96785,14.31291,15.537112191780825
.DJI,2019-04-12,26412.30253,17.98065,16.0547,14.30927,15.566936
.DJI,2019-04-18,26559.54319,18.12831,16.2221,14.40856,15.68549090410959
.DJI,2019-04-26,26543.33383,18.11913,16.37156,14.39493,15.743370739726027
.DJI,2019-05-03,26504.94681,18.08022,16.39606,14.39027,15.72013624657534
.DJI,2019-05-10,25942.36676,17.5617,16.07956,14.08651,15.369706575342466
.DJI,2019-05-17,25763.996,17.37763,15.99342,13.978,15.236947287671233
.DJI,2019-05-24,25585.69305,17.16047,15.89014,13.88626,15.099568164383562
.DJI,2019-05-31,24815.03637,16.64359,15.41146,13.47491,14.61031191780822
.DJI,2019-06-07,25983.9414,17.42758,16.1466,14.11216,15.265938301369863
.DJI,2019-06-14,26089.60743,17.48768,16.21227,14.16321,15.285982602739725
.DJI,2019-06-21,26719.12738,17.90964,16.6052,14.53563,15.629950575342464
.DJI,2019-06-28,26599.96486,17.83868,16.48025,14.56655,15.541750547945206
.DJI,2019-07-05,26922.11739,18.05472,16.70133,14.72192,15.692644356164383
.DJI,2019-07-12,27332.03105,18.32962,17.12887,14.96644,15.98544810958904
.DJI,2019-07-19,27154.20285,18.07658,16.85987,15.07182,15.880116575342466
.DJI,2019-07-26,27192.45422,19.06277,17.7051,15.12575,16.242290547945206
.DJI,2019-08-02,26485.00727,18.5318,17.29375,14.82802,15.848089123287671
.DJI,2019-08-09,26287.44299,18.7265,17.5225,14.78195,15.863153287671233
.DJI,2019-08-16,25886.00703,18.30114,17.25562,14.56941,15.577658684931507
.DJI,2019-08-23,25628.8954,18.10945,17.10156,14.43116,15.382261369863013
.DJI,2019-08-30,26403.28226,18.65663,17.63233,14.88019,15.807623479452054
.DJI,2019-09-06,26797.46131,18.71652,17.77816,15.10127,15.952007643835618
.DJI,2019-09-13,27219.51504,19.0113,18.05878,15.36585,16.17004005479452
.DJI,2019-09-20,26935.07131,18.81262,17.89148,15.21545,15.963272082191782
.DJI,2019-09-27,26820.24936,18.93365,17.92271,15.16843,15.885297397260274
.DJI,2019-10-04,26573.7179,18.76014,17.82928,15.06071,15.72820084931507
.DJI,2019-10-11,26816.587,18.93159,18.10221,15.2458,15.879688246575341
.DJI,2019-10-18,26770.19703,19.02807,18.16382,15.29591,15.877349287671231
.DJI,2019-10-25,26958.06283,19.38793,18.22177,15.70566,16.167521287671235
.DJI,2019-11-01,27347.35873,19.8561,18.63443,15.92515,16.37051109589041
.DJI,2019-11-08,27681.24439,20.1012,18.77677,16.15787,16.538148630136984
.DJI,2019-11-15,28004.88899,20.44044,19.26222,16.36683,16.731728465753427
.DJI,2019-11-22,27875.62105,20.33614,19.26345,16.29629,16.613329013698632
.DJI,2019-11-29,28051.4146,20.46439,19.39425,16.40736,16.669224328767125
.DJI,2019-12-06,28015.06223,20.41494,19.36737,16.3874,16.591507534246574
.DJI,2019-12-13,28135.37772,20.50261,19.4504,16.50094,16.646392821917807
.DJI,2019-12-20,28455.08868,20.7175,19.66729,16.85346,16.93826035616438
.DJI,2019-12-27,28645.2604,20.85596,19.80228,16.96922,17.00026723287671
.DJI,2020-01-03,28634.8837,20.8484,16.96512,,16.96512
.DJI,2020-01-10,28823.76682,21.00982,17.18444,,17.18444
.DJI,2020-01-17,29348.09549,21.27862,17.59813,,17.59813
.DJI,2020-01-24,28989.72623,21.07194,17.46184,,17.46184
.DJI,2020-01-31,28256.03232,20.25207,17.38352,14.78259,17.163222650273223
.DJI,2020-02-07,29102.51353,20.45041,18.29927,15.32406,17.990368415300548
.DJI,2020-02-14,29398.08,20.54291,18.493,15.45261,18.119181557377047
.DJI,2020-02-21,28992.40519,20.30383,18.23666,15.36366,17.828474207650274
.DJI,2020-02-28,25409.35693,17.88409,16.03086,13.69335,15.654048278688524
.DJI,2020-03-06,25864.77887,18.30823,16.3587,13.95048,15.92443081967213
.DJI,2020-03-13,23185.62279,16.79858,14.70199,12.49813,14.262422295081967
.DJI,2020-03-20,19173.97602,14.09817,12.41867,10.43841,11.985826284153006
.DJI,2020-03-27,21636.78124,15.6484,14.40979,12.0052,13.838207131147541
.DJI,2020-04-03,21052.53476,15.23048,15.05212,12.10337,14.294790765027322
.DJI,2020-04-09,23719.37298,17.07316,17.48173,14.36553,16.630309234972675
.DJI,2020-04-17,24242.49358,17.8236,19.12364,15.19604,17.96467606557377
.DJI,2020-04-24,23775.27219,17.76043,18.58159,15.20683,17.521214590163936
.DJI,2020-05-01,23723.69402,17.73547,18.93338,15.40373,17.75683
.DJI,2020-05-08,24331.31503,18.68393,19.52207,15.86072,18.231594180327868
.DJI,2020-05-15,23685.42193,18.24548,19.68795,15.47218,18.121434371584698
.DJI,2020-05-22,24465.16449,18.77531,20.29628,16.01838,18.62486005464481
.DJI,2020-05-29,25383.11185,19.45606,21.0796,16.67834,19.275804918032787
.DJI,2020-06-05,27110.98049,20.49057,22.1776,17.90067,20.342960628415305
.DJI,2020-06-12,25605.5427,19.37937,20.96538,16.90112,19.144236174863387
.DJI,2020-06-19,25871.45834,19.60534,21.22221,17.08261,19.288134590163935
.DJI,2020-06-26,25015.54881,19.13815,20.47162,16.55793,18.56824071038251
.DJI,2020-07-02,25827.35626,19.72704,21.12049,17.04138,19.069789890710382
.DJI,2020-07-10,26075.30184,20.29367,21.42922,17.17831,19.19923442622951
.DJI,2020-07-17,26671.94877,20.57801,21.60179,17.6773,19.467982595628413
.DJI,2020-07-24,26469.88855,20.80355,21.14701,17.73748,19.22798491803279
.DJI,2020-07-31,26428.32423,22.1486,21.5036,17.6866,19.282231147540983
.DJI,2020-08-07,27433.48122,22.25328,22.28758,18.35681,19.924822076502732
.DJI,2020-08-14,27931.01849,23.04486,22.61832,18.60818,20.13115666666667
.DJI,2020-08-21,27930.33261,23.17264,22.68681,18.54712,20.040122950819672
.DJI,2020-08-28,28653.86732,23.59099,23.24633,19.04413,20.479307595628413
.DJI,2020-09-04,28133.31319,22.92281,19.58982,16.98093,17.822047540983608
.DJI,2020-09-11,27665.64184,22.58258,19.29741,16.69745,17.485962459016392
.DJI,2020-09-18,27657.41746,22.5821,21.87657,18.79929,19.673708360655738
.DJI,2020-09-25,27173.9553,22.25378,22.00865,18.36767,19.33262918032787
.DJI,2020-10-02,27682.81436,22.64797,22.37767,18.7181,19.61799426229508
.DJI,2020-10-09,28586.90439,23.4283,22.81186,19.2941,20.09184338797814
.DJI,2020-10-16,28606.31393,23.41145,22.31911,19.12747,19.790214918032788
.DJI,2020-10-23,28335.56723,22.44696,22.32625,18.90018,19.54607844262295
.DJI,2020-10-30,26501.5955,21.18257,20.47531,17.89028,18.3281812568306
.DJI,2020-11-06,28323.39514,22.87413,21.8316,19.25907,19.64565237704918
.DJI,2020-11-13,29479.80926,23.56709,22.06996,20.08978,20.349475737704918
.DJI,2020-11-20,29263.47507,23.12121,22.16764,19.89104,20.146068961748636
.DJI,2020-11-27,29910.37218,23.52453,22.50942,20.33203,20.53430120218579
.DJI,2020-12-04,30218.2602,23.47799,22.51633,20.57997,20.722816229508197
.DJI,2020-12-11,30046.37059,23.22661,22.30148,20.46205,20.56256530054645
.DJI,2020-12-18,30179.04634,23.44171,22.49483,20.55487,20.62377568306011
.DJI,2020-12-24,30199.87048,23.47542,22.51459,20.44909,20.488594098360657
.DJI,2020-12-31,30606.484,23.80861,22.83947,20.7412,20.7412
.DJI,2021-01-08,31097.97316,24.03228,20.98974,,20.98974
.DJI,2021-01-15,30814.26483,23.66584,20.69301,,20.69301
.DJI,2021-01-22,30996.97773,23.156,20.44947,,20.44947
.DJI,2021-01-29,29982.61517,22.57167,19.65241,15.57919,19.32878430136986
.DJI,2021-02-05,31148.2406,23.63319,20.34852,16.16977,19.936369315068493
.DJI,2021-02-12,31458.39855,23.85271,20.54814,16.42216,20.062065643835616
.DJI,2021-02-19,31494.32265,24.18201,20.52447,16.61592,19.98905219178082
.DJI,2021-02-26,30932.36698,23.55377,20.13817,17.1379,19.669634684931506
.DJI,2021-03-05,31496.29651,23.92407,20.38605,17.41804,19.86563180821918
.DJI,2021-03-12,32778.64238,24.67958,21.10424,18.11614,20.522993150684933
.DJI,2021-03-19,32627.97168,24.65567,20.9963,18.02759,20.36189073972603
.DJI,2021-03-26,33072.87793,25.10953,21.27919,18.23676,20.570678904109585
.DJI,2021-04-01,33153.21371,25.10998,21.32373,18.21125,20.54774183561644
.DJI,2021-04-09,33800.60428,25.69564,21.50022,18.46741,20.677622219178083
.DJI,2021-04-16,34200.67119,23.32868,20.77515,18.57802,20.137079369863017
.DJI,2021-04-23,34043.48677,22.89533,19.54403,18.4461,19.20412290410959
.DJI,2021-04-30,33874.85401,22.4456,19.22185,18.24085,18.899329452054793
.DJI,2021-05-07,34777.75973,23.07826,19.6223,18.7246,19.309949589041096
.DJI,2021-05-14,34382.13399,22.87394,19.43701,18.48352,19.086961616438355
.DJI,2021-05-21,34207.84285,22.59388,19.15681,18.2876,18.82103298630137
.DJI,2021-05-28,34529.44915,22.71146,19.29148,18.46871,18.95786367123288
.DJI,2021-06-04,34756.38883,22.82125,19.3536,18.53403,19.005563424657534
.DJI,2021-06-11,34479.60078,22.62944,19.19874,18.35627,18.824821808219177
.DJI,2021-06-18,33290.08372,21.86801,18.50625,17.69038,18.12849101369863
.DJI,2021-06-25,34433.84253,22.44627,18.90602,18.39689,18.660521698630138
.DJI,2021-07-02,34786.34567,22.77072,18.90725,18.48511,18.695601726027398
.DJI,2021-07-09,34870.15899,22.82756,19.06236,18.5272,18.783783561643837
.DJI,2021-07-16,34687.85021,21.34465,18.47805,18.30356,18.383873205479453
.DJI,2021-07-23,35061.55358,20.64137,18.68591,18.48801,18.57530287671233
.DJI,2021-07-30,34935.47149,20.33589,18.32136,18.47983,18.412968684931506
.DJI,2021-08-06,35208.50671,20.67522,18.3346,18.59742,18.49157194520548
.DJI,2021-08-13,35515.38328,21.53697,18.56096,18.78821,18.701045616438357
.DJI,2021-08-20,35120.08464,21.39159,18.38557,18.48909,18.45136901369863
.DJI,2021-08-27,35455.79879,21.77435,18.49193,18.63481,18.58548704109589
.DJI,2021-09-03,35369.08855,21.73391,18.46393,18.58504,18.545554821917808
.DJI,2021-09-10,34607.72389,21.27944,18.06055,18.16514,18.133046630136988
.DJI,2021-09-17,34584.87768,21.2519,18.03874,18.15752,18.123350410958906
.DJI,2021-09-24,34797.99921,21.33565,18.15506,18.2897,18.25355008219178
.DJI,2021-10-01,34326.45877,21.01447,17.84674,18.03234,17.986067123287672
.DJI,2021-10-08,34746.24959,21.28147,18.05575,18.25135,18.20633520547945
.DJI,2021-10-15,35294.75607,21.51078,18.42958,18.48888,18.476370136986304
.DJI,2021-10-22,35677.01854,20.88698,18.16081,18.57096,18.49230109589041
.DJI,2021-10-29,35819.56044,20.31179,17.81492,18.73866,18.57921994520548
.DJI,2021-11-05,36327.95016,20.53165,17.94431,18.92007,18.770364356164386
.DJI,2021-11-12,36100.30524,20.37318,17.53766,18.91418,18.729386904109592
.DJI,2021-11-19,35601.97773,20.1028,17.56337,18.62089,18.499202767123286
.DJI,2021-11-26,34899.3366,19.7475,17.60068,18.27318,18.208693698630135
.DJI,2021-12-03,34580.08009,19.61454,17.43023,18.10708,18.055157260273972
.DJI,2021-12-10,35970.99449,20.40899,17.76054,18.81484,18.754181643835615
.DJI,2021-12-17,35365.43528,20.13384,17.5179,18.50937,18.47134101369863
.DJI,2021-12-23,35950.56313,20.43032,17.77241,18.81708,18.79418312328767
.DJI,2021-12-31,36338.29765,20.67052,17.99502,18.99982,18.99982
.DJI,2022-01-07,36231.65912,20.19263,18.94385,,18.94385
.DJI,2022-01-14,35911.80945,20.00247,18.77388,,18.77388
.DJI,2022-01-21,34265.37121,19.04028,17.9152,,17.9152
.DJI,2022-01-28,34725.4723,18.60693,18.22331,,18.22331
.DJI,2022-02-04,35089.74371,18.58266,18.22154,,18.22154
.DJI,2022-02-11,34738.06066,18.27263,18.10958,,18.10958
.DJI,2022-02-18,34079.18219,17.79753,18.46562,,18.46562
.DJI,2022-02-25,34058.75083,17.77067,19.24216,,19.24216
.DJI,2022-03-04,33614.7971,17.62508,25.04297,,25.04297
.DJI,2022-03-11,32944.18708,17.27728,24.13372,,24.13372
.DJI,2022-03-18,34754.93301,18.20214,24.63224,,24.63224
.DJI,2022-03-25,34861.242,18.27573,,,
.DJI,2022-04-01,34818.27023,18.2488,,,
.DJI,2022-04-08,34721.1224,18.25174,,,
.DJI,2022-04-14,34451.2307,18.71886,,,
.DJI,2022-04-22,33811.39953,18.29483,,,
.DJI,2022-04-29,32977.2068,17.72993,,,
.DJI,2022-05-06,32899.3699,17.63765,,,
.DJI,2022-05-13,32196.66286,17.34362,,,
.DJI,2022-05-20,31261.8951,16.84615,,,
.DJI,2022-05-27,33212.95835,17.88296,,,
.DJI,2022-06-03,32899.69944,17.71342,,,
.DJI,2022-06-10,31392.78763,16.92462,,,
.DJI,2022-06-17,29888.77576,16.05578,,,
.DJI,2022-06-24,31500.6784,16.93133,16.20537,14.90124,15.58010219178082
.DJI,2022-07-01,31097.25787,16.77352,15.98575,14.8514,15.420128904109589
.DJI,2022-07-08,31338.15021,16.89837,16.24148,14.95072,15.573113863013699
.DJI,2022-07-15,31288.25815,16.84768,16.25505,15.02701,15.595609342465753
.DJI,2022-07-22,31899.28768,17.78269,16.67179,15.39866,15.963720438356164
.DJI,2022-07-29,32845.12793,18.30456,17.24817,16.23668,16.66621684931507
.DJI,2022-08-05,32803.47431,18.10632,17.17226,16.28093,16.642346000000003
.DJI,2022-08-12,33761.04611,18.61002,17.73343,16.73026,17.11778594520548
.DJI,2022-08-19,33706.73823,18.5446,17.33143,16.30588,16.682383287671232
.DJI,2022-08-26,32283.39729,17.76469,16.56309,15.62059,15.948528356164385
.DJI,2022-09-02,31318.44384,17.26295,16.09521,15.15451,15.463781232876713
.DJI,2022-09-09,32151.71387,17.2163,11.83654,11.29358,11.461674465753426
.DJI,2022-09-16,30822.42309,16.30863,11.2125,10.69817,10.84753706849315
.DJI,2022-09-23,29590.41197,16.35636,15.26002,14.34292,14.591667671232877
.DJI,2022-09-30,28725.50628,15.91582,14.84042,13.93025,14.159662712328766
.DJI,2022-10-07,29296.79353,16.20868,15.15528,14.21298,14.432419726027398
.DJI,2022-10-14,29634.8337,16.40335,15.37612,14.41725,14.622159205479452
.DJI,2022-10-21,31082.56047,18.1062,16.19274,15.27271,15.451674739726027
.DJI,2022-10-28,32861.80255,18.66228,16.95378,16.37902,16.47979983561644
.DJI,2022-11-04,32403.21734,18.28401,16.56037,16.21916,16.272444849315068
.DJI,2022-11-11,33747.86459,19.00098,17.12045,16.95431,16.977068904109586
.DJI,2022-11-18,33745.68964,19.12431,17.46199,16.62247,16.721372356164384
.DJI,2022-11-25,34347.03075,19.4598,17.76194,16.9793,17.056491890410957
.DJI,2022-12-02,34429.87663,19.51039,17.79585,17.02025,17.081873013698633
.DJI,2022-12-09,33476.45701,18.96341,17.28008,16.58306,16.62507216438356
.DJI,2022-12-16,32920.46034,18.61694,16.9887,16.39812,16.422390410958904
.DJI,2022-12-23,33203.92901,18.76509,17.12789,16.54583,16.558587479452054
.DJI,2022-12-30,33147.24845,18.72627,17.09686,16.52369,16.52526032876712
.DJI,2023-01-06,33630.61493,19.15196,16.76036,,16.76036
.DJI,2023-01-13,34302.60902,19.4715,17.31046,,17.31046
.DJI,2023-01-20,33375.48654,19.53133,16.98031,,16.98031
.DJI,2023-01-27,33978.0799,20.1842,17.2471,,17.2471
.DJI,2023-02-03,33926.01288,20.47218,17.69907,14.74887,17.424256849315068
.DJI,2023-02-10,33869.26642,20.4033,17.68794,14.78398,17.36174175342466
.DJI,2023-02-17,33826.6901,20.39159,17.68307,14.81643,17.30608720547945
.DJI,2023-02-24,32816.91947,19.71946,17.14634,14.40297,16.732955479452055
.DJI,2023-03-03,33390.97483,20.02344,17.414,15.06444,17.014896657534248
.DJI,2023-03-10,31909.63518,19.15062,16.69969,14.37316,16.259880219178083
.DJI,2023-03-17,31861.98397,19.12989,16.67194,14.29087,16.176155561643835
.DJI,2023-03-24,32237.52559,19.38833,16.90319,14.4741,16.350821589041093
.DJI,2023-03-31,33274.15357,19.97278,17.50035,14.95326,16.872300410958903
.DJI,2023-04-06,33485.28863,20.10545,17.66656,15.0642,16.982103671232874
.DJI,2023-04-14,33886.46831,20.21985,18.05046,15.322,17.27303578082192
.DJI,2023-04-21,33808.96095,20.50517,17.17822,15.31356,16.611159013698632
.DJI,2023-04-28,34098.16358,20.48365,17.29234,15.45463,16.69823101369863
.DJI,2023-05-05,33674.37759,20.27923,16.9436,15.18649,16.341849999999997
.DJI,2023-05-12,33300.61548,20.00834,16.77814,14.99704,16.13401616438356
.DJI,2023-05-19,33426.63085,20.09183,16.84798,15.08011,16.174736356164384
.DJI,2023-05-26,33093.33602,19.89735,16.6828,14.97515,15.99974
.DJI,2023-06-02,33762.75971,20.25226,16.99049,15.27754,16.27245890410959
.DJI,2023-06-09,33876.77989,20.30678,17.0477,15.36399,16.309635342465754
.DJI,2023-06-16,34299.11591,20.5371,17.29005,15.51553,16.478146328767124
.DJI,2023-06-23,33727.43322,20.25497,17.01792,15.23827,16.169538904109586
.DJI,2023-06-30,34407.59985,20.69316,17.30892,15.67453,16.498441671232875
.DJI,2023-07-07,33734.88079,20.26642,17.37498,15.37006,16.34230887671233
.DJI,2023-07-14,34509.03168,20.53491,17.89998,15.77998,16.767377260273975
.DJI,2023-07-21,35227.68836,21.56362,18.37844,16.12574,17.131740273972603
.DJI,2023-07-28,35459.28773,21.89885,18.61943,16.54049,17.429023260273972
.DJI,2023-08-04,35065.62152,22.09622,18.18839,16.3057,17.074250164383564
.DJI,2023-08-11,35281.40307,22.30663,18.29952,16.37531,17.123906767123287
.DJI,2023-08-18,34500.66141,21.76508,17.9075,15.98984,16.699111506849313
.DJI,2023-08-25,34346.89894,21.68424,17.82127,15.92049,16.58706490410959
.DJI,2023-09-01,34837.71298,21.85599,18.08516,16.12907,16.77752723287671
.DJI,2023-09-08,34576.58699,21.73647,17.99433,16.02187,16.637926
.DJI,2023-09-15,34618.24061,21.80058,18.02187,16.02927,16.61340205479452
.DJI,2023-09-22,33963.84385,21.444,17.69528,15.72067,16.26165904109589
.DJI,2023-09-29,33507.4995,21.16505,17.47551,15.51643,16.01559284931507
.DJI,2023-10-06,33407.58355,21.13893,17.51053,15.42774,15.918479561643835
.DJI,2023-10-13,33670.29132,21.25572,17.81764,15.51812,16.015824328767124
.DJI,2023-10-20,33127.27844,21.10603,17.5881,15.25652,15.716448109589042
.DJI,2023-10-27,32417.5852,20.23877,16.92719,14.9654,15.3147598630137
.DJI,2023-11-03,34061.32122,21.08839,17.63184,15.83846,16.123435452054792
.DJI,2023-11-10,34283.10036,21.23086,17.87621,15.95738,16.225490493150687
.DJI,2023-11-17,34947.28439,21.52742,18.46024,16.27847,16.541477890410956
.DJI,2023-11-24,35390.15064,21.76671,18.85412,16.49352,16.73281369863014
.DJI,2023-12-01,36245.49972,22.15632,19.27409,16.89306,17.08876109589041
.DJI,2023-12-08,36247.8724,22.08978,19.23121,16.90222,17.0489782739726
.DJI,2023-12-15,37305.16242,22.66197,19.74789,17.41293,17.515284410958902
.DJI,2023-12-22,37385.96517,22.70417,19.82504,17.46758,17.525709150684936
.DJI,2023-12-29,37689.53566,22.88084,20.01339,17.62338,17.636475945205483
.DJI,2024-01-05,37466.10883,22.84947,17.49694,,17.49694
.DJI,2024-01-12,37592.981,22.92124,17.63817,,17.63817
.DJI,2024-01-19,37863.7954,22.55476,17.79591,,17.79591
.DJI,2024-01-26,38109.4331,23.01536,17.88098,,17.88098
.DJI,2024-02-02,38654.4232,23.68411,18.17196,14.95598,17.881994590163934
.DJI,2024-02-09,38671.691,23.55721,18.1465,14.94039,17.796105464480874
.DJI,2024-02-16,38627.99425,23.56292,18.15571,15.03275,17.754674153005464
.DJI,2024-02-23,39131.52846,23.97287,18.36564,15.71435,17.974466065573772
.DJI,2024-03-01,39087.37607,24.10617,18.63969,16.25673,18.242530000000002
.DJI,2024-03-08,38722.69306,23.86766,18.53312,16.11566,18.08397442622951
.DJI,2024-03-15,38714.76659,23.88288,18.54026,16.07015,18.034089918032787
.DJI,2024-03-22,39475.90399,24.39142,18.97627,16.43952,18.407927103825138
.DJI,2024-03-28,39807.37445,24.59219,18.68318,16.61014,18.184744153005465
.DJI,2024-04-05,38904.03839,24.03886,18.35328,16.27058,17.806998032786886
.DJI,2024-04-12,37983.24364,23.49893,17.96807,15.878,17.379880901639346
.DJI,2024-04-19,37986.39704,23.5817,17.74007,15.82476,17.16443038251366
.DJI,2024-04-26,38239.65502,23.1799,17.84821,15.92534,17.23352204918033
.DJI,2024-05-03,38675.67919,23.92824,17.9945,16.13012,17.36285213114754
.DJI,2024-05-10,39512.84298,24.54342,18.41782,16.53744,17.744787814207648
.DJI,2024-05-17,40003.59189,24.81765,18.62536,16.7462,17.916824262295084
.DJI,2024-05-24,39069.59225,24.27777,18.19889,16.32881,17.45801131147541
.DJI,2024-05-31,38686.32194,23.87442,17.99277,16.1773,17.23880431693989
.DJI,2024-06-07,38798.99053,23.89059,18.01187,16.20234,17.225762704918033
.DJI,2024-06-14,38589.15759,23.80957,17.96491,16.07386,17.107220655737706
.DJI,2024-06-21,39150.3326,24.16971,18.22755,16.308,17.320221721311476
.DJI,2024-06-28,39118.86422,24.09353,18.20226,16.35185,17.292222295081967
.DJI,2024-07-05,39375.86687,24.25146,18.31674,16.42188,17.348601147540982
.DJI,2024-07-12,40000.89836,24.47706,18.62464,16.73068,17.62073770491803
.DJI,2024-07-19,40287.52989,23.88332,18.7705,16.89209,17.738914180327868
.DJI,2024-07-26,40589.33719,23.90111,18.89556,17.05222,17.847978797814207
.DJI,2024-08-02,39737.26042,23.36094,18.26651,16.38721,17.162549617486338
.DJI,2024-08-09,39497.54,23.28894,18.10126,16.20482,16.950960327868852
.DJI,2024-08-16,40659.76,24.02704,18.61163,16.67651,17.400858196721313
.DJI,2024-08-23,41175.08,24.36539,18.88509,16.91629,17.61559054644809
.DJI,2024-08-30,41563.08,24.58841,19.07902,17.08581,17.75565926229508
.DJI,2024-09-06,40345.41,23.91212,18.61173,16.57862,17.222993661202185
.DJI,2024-09-13,41393.78,24.55324,19.09822,16.9845,17.613995846994534
.DJI,2024-09-20,42063.36,24.97445,19.4213,17.25366,17.857756393442624
.DJI,2024-09-27,42313.0,25.1142,19.54308,17.39134,17.94985174863388
.DJI,2024-10-04,42352.75,25.16779,19.61585,17.48514,17.997441857923498
.DJI,2024-10-11,42863.86,25.49114,19.88043,17.71726,18.195994344262296
.DJI,2024-10-18,43275.91,25.07447,20.07545,17.90343,18.342581584699452
.DJI,2024-10-25,42114.4,24.08995,19.54461,17.48014,17.858062103825137
.DJI,2024-11-01,42052.19,23.8338,19.49333,,19.49333
.DJI,2024-11-08,43988.99,25.05348,20.43628,,20.43628
.DJI,2024-11-15,43444.99,25.62695,21.01193,,21.01193
.DJI,2024-11-22,44296.51,26.06877,21.43934,19.02464,19.281944098360658
.DJI,2024-11-29,44910.65,26.40831,21.7324,19.38615,19.591286612021857
.DJI,2024-12-06,44642.52,26.16445,21.6636,19.55475,19.69879713114754
.DJI,2024-12-13,43828.06,25.61797,21.22621,19.34477,19.437299836065574
.DJI,2024-12-20,42840.26,25.01163,20.79963,19.03623,19.089228360655735
.DJI,2024-12-27,42992.21,25.09025,20.89701,19.16385,19.182791639344263
.DJI,2025-01-03,42732.13,24.97429,19.11413,,19.11413
.DJI,2025-01-10,41938.45,24.49108,18.72691,,18.72691
.DJI,2025-01-17,43487.83,24.60336,19.37178,,19.37178
.DJI,2025-01-24,44424.25,24.77122,19.76744,,19.76744
.DJI,2025-01-31,44544.66,24.67114,19.43749,,19.43749
.DJI,2025-02-07,44303.4,24.26532,19.49677,,19.49677
.DJI,2025-02-14,44546.08,24.39028,19.74836,,19.74836
.DJI,2025-02-21,43428.02,23.75197,19.26063,,19.26063
.DJI,2025-02-28,43840.91,23.92033,19.48487,17.51945,19.16717197260274
.DJI,2025-03-07,42801.72,23.40897,19.09668,17.08233,18.73244136986301
.DJI,2025-03-14,41488.19,22.64808,18.46551,16.57193,18.086793999999998
.DJI,2025-03-21,41985.35,22.88802,18.69299,16.80547,18.279286986301372
.DJI,2025-03-28,41583.9,22.67983,18.54315,16.65956,18.094184712328765
.DJI,2025-04-04,38314.86,20.97663,17.20507,15.34695,16.726540465753423
.DJI,2025-04-11,40212.71,21.92221,18.04345,16.13433,17.51517295890411
.DJI,2025-04-17,39142.23,20.50918,17.59992,15.77288,17.06432197260274
.DJI,2025-04-25,40113.5,20.98279,18.15019,16.33445,17.578107534246577
.DJI,2025-05-02,41317.43,21.69456,18.60925,16.76382,17.992421342465754
.DJI,2025-05-09,41249.38,21.25822,18.53608,16.70431,17.88868731506849
.DJI,2025-05-16,42654.74,21.96234,19.13929,17.21874,18.423687808219178
.DJI,2025-05-23,41603.07,21.42784,18.63371,16.77735,17.906423753424654
.DJI,2025-05-30,42270.07,21.75177,18.91931,17.04605,18.14947712328767
.DJI,2025-06-06,42762.87,22.0019,19.11467,17.23152,18.304657534246576
.DJI,2025-06-13,42197.79,21.73625,18.85343,16.99909,18.02024709589041
.DJI,2025-06-20,42206.82,21.74616,18.8485,16.99786,17.98148783561644
.DJI,2025-06-27,43819.27,22.61258,19.49912,17.6939,18.618766136986302
.DJI,2025-07-03,44828.53,23.14508,19.98537,18.127,19.048547863013695
.DJI,2025-07-11,44371.51,22.8662,19.71939,17.92706,18.77657531506849
.DJI,2025-07-18,44342.19,22.46192,19.71323,17.89695,18.722984191780824
.DJI,2025-07-25,44901.92,22.70803,19.96385,18.12241,18.924571534246574
.DJI,2025-08-01,43588.58,22.09851,19.9505,18.09238,18.866172438356166
.DJI,2025-08-08,44175.61,22.20791,20.19811,18.36178,19.091280958904107
.DJI,2025-08-15,44946.12,22.57608,20.59881,18.7002,19.418030630136986
.DJI,2025-08-22,45631.74,22.92635,20.95875,19.02206,19.717146
.DJI,2025-08-29,45544.88,22.86678,20.66607,18.46954,19.215758410958905
.DJI,2025-09-05,45400.86,22.76068,20.66184,18.44408,19.154978410958904
.DJI,2025-09-12,45834.22,23.02838,20.89556,18.60633,19.29623493150685
.DJI,2025-09-19,46315.27,23.2782,21.33916,19.28325,19.86341090410959
.DJI,2025-09-26,46247.29,23.22518,21.29305,19.26129,19.795670712328768
.DJI,2025-10-03,46758.28,23.52094,21.55617,19.46512,19.974992465753424
.DJI,2025-10-10,45479.6,22.87663,20.91731,18.83248,19.30085276712329
.DJI,2025-10-17,46190.61,22.58845,21.08917,19.0873,19.49864315068493
.DJI,2025-10-24,47207.12,22.94674,21.40658,19.46875,19.829770383561645
.DJI,2025-10-31,47562.87,23.28016,21.33578,19.67432,19.951988657534248
.DJI,2025-11-07,46987.1,22.95904,21.31651,19.53108,19.79522580821918
.DJI,2025-11-14,47147.48,22.99052,21.29898,19.55075,19.775864547945208
.DJI,2025-11-21,46245.41,22.53832,20.98146,19.25338,19.442758630136986
.DJI,2025-11-28,47716.42,23.24422,21.8115,19.49908,19.70814810958904
.DJI,2025-12-05,47954.99,23.28015,21.89774,19.62553,19.787386054794524
.DJI,2025-12-12,48458.05,23.52322,21.93055,20.2338,20.32212397260274
.DJI,2025-12-19,48134.89,23.35001,21.74294,20.07199,20.126925342465753
.DJI,2025-12-26,48710.97,23.63009,22.01264,20.32555,20.348660821917807
.DJI,2026-01-02,48382.39,23.43142,20.20124,,20.20124
.DJI,2026-01-09,49504.07,23.9701,20.69744,,20.69744
.DJI,2026-01-16,49359.33,23.71993,20.68251,,20.68251
.DJI,2026-01-23,49098.71,23.40442,20.55033,,20.55033
.DJI,2026-01-30,48892.47,24.04355,20.54599,,20.54599
.DJI,2026-02-06,50115.67,24.54406,20.60803,,20.60803
.DJI,2026-02-13,49500.93,24.21102,21.11628,,21.11628
.DJI,2026-02-20,49625.97,24.36467,20.46829,,20.46829
.DJI,2026-02-27,48977.92,23.9922,,,
.DJI,2026-03-06,47501.55,23.26899,,,
.DJI,2026-03-13,46558.47,22.80702,,,
.DJI,2026-03-20,45577.47,22.32647,,,
.DJI,2026-03-27,45166.64,22.12522,19.1723,16.79875,18.613052602739725
.DJI,2026-04-02,46504.67,22.78066,19.22469,17.30931,18.74190928767123
.DJI,2026-04-10,47916.57,23.47229,19.68502,17.80414,19.169710410958906
.DJI,2026-04-17,49447.43,24.23575,20.11438,18.22706,19.56111084931507
.DJI,2026-04-24,49230.71,23.62163,19.92127,18.15678,19.37016901369863
.DJI,2026-05-01,49499.27,23.81003,19.89933,18.21812,19.341997369863012
.DJI,2026-05-08,49609.16,23.79841,19.83019,18.09338,19.22111690410959
.DJI,2026-05-15,49526.17,23.74284,19.78876,17.99552,19.12550684931507
.DJI,2026-05-22,50579.7,24.13495,20.16435,18.35688,19.461169890410957
.DJI,2026-05-29,51032.46,24.29173,20.26584,18.46316,19.529951452054796
.DJI,2026-06-05,50866.78,24.21287,20.23901,18.43517,19.4680537260274
.DJI,2026-06-12,51202.26,24.37256,20.36285,18.60164,19.57633704109589
.DJI,2026-06-18,51564.7,24.54508,20.49697,18.74379,19.685223643835617
